"DESCRIPTION","DURATION IN MS","NAME","PARENT SUITE","START TIME","STATUS","STOP TIME","SUB SUITE","SUITE","TEST CLASS","TEST METHOD"
"","984","Should handle synthetic API delays and wait for elements","webkit","2026-08-31","passed","2026-08-31","SwiftShop Enterprise Remote Functional Suite (TypeScript)","all_in_one_functional.spec.ts","",""
"","326","Should handle synthetic API delays and wait for elements","chromium","2026-08-31","passed","2026-08-31","SwiftShop Enterprise Remote Functional Suite (TypeScript)","all_in_one_functional.spec.ts","",""
"","556","Should handle synthetic API delays and wait for elements gracefully","firefox","2026-08-31","passed","2026-08-31","SwiftShop QA Sandbox Regression Suite (POM + TypeScript)","pom_test_functional.spec.ts","",""
"","1146","Should navigate to the shop dashboard upon successful authentication","webkit","2026-08-31","passed","2026-08-31","SwiftShop QA Sandbox Regression Suite (POM + TypeScript)","pom_test_functional.spec.ts","",""
"","680","Should increment cart counter badge when product items are added","firefox","2026-08-31","passed","2026-08-31","SwiftShop Enterprise Remote Functional Suite (TypeScript)","all_in_one_functional.spec.ts","",""
"","356","Should navigate to the shop dashboard upon successful login","chromium","2026-08-31","passed","2026-08-31","SwiftShop Enterprise Remote Functional Suite (TypeScript)","all_in_one_functional.spec.ts","",""
"","639","Should increment cart counter badge when product items are added","firefox","2026-08-31","passed","2026-08-31","SwiftShop QA Sandbox Regression Suite (POM + TypeScript)","pom_test_functional.spec.ts","",""
"","681","Should navigate to the shop dashboard upon successful login","firefox","2026-08-31","passed","2026-08-31","SwiftShop Enterprise Remote Functional Suite (TypeScript)","all_in_one_functional.spec.ts","",""
"","1253","Should increment cart counter badge when product items are added","webkit","2026-08-31","passed","2026-08-31","SwiftShop Enterprise Remote Functional Suite (TypeScript)","all_in_one_functional.spec.ts","",""
"","565","Should handle synthetic API delays and wait for elements","firefox","2026-08-31","passed","2026-08-31","SwiftShop Enterprise Remote Functional Suite (TypeScript)","all_in_one_functional.spec.ts","",""
"","380","Should navigate to the shop dashboard upon successful authentication","chromium","2026-08-31","passed","2026-08-31","SwiftShop QA Sandbox Regression Suite (POM + TypeScript)","pom_test_functional.spec.ts","",""
"","339","Should handle synthetic API delays and wait for elements gracefully","chromium","2026-08-31","passed","2026-08-31","SwiftShop QA Sandbox Regression Suite (POM + TypeScript)","pom_test_functional.spec.ts","",""
"","566","Should navigate to the shop dashboard upon successful authentication","firefox","2026-08-31","passed","2026-08-31","SwiftShop QA Sandbox Regression Suite (POM + TypeScript)","pom_test_functional.spec.ts","",""
"","1025","Should handle synthetic API delays and wait for elements gracefully","webkit","2026-08-31","passed","2026-08-31","SwiftShop QA Sandbox Regression Suite (POM + TypeScript)","pom_test_functional.spec.ts","",""
"","1218","Should strictly display login view on initial load","firefox","2026-08-31","passed","2026-08-31","SwiftShop Enterprise Remote Functional Suite (TypeScript)","all_in_one_functional.spec.ts","",""
"","460","Should increment cart counter badge when product items are added","chromium","2026-08-31","passed","2026-08-31","SwiftShop QA Sandbox Regression Suite (POM + TypeScript)","pom_test_functional.spec.ts","",""
"","216","Should strictly display login view on initial app boot","chromium","2026-08-31","passed","2026-08-31","SwiftShop QA Sandbox Regression Suite (POM + TypeScript)","pom_test_functional.spec.ts","",""
"","409","Should strictly display login view on initial app boot","firefox","2026-08-31","passed","2026-08-31","SwiftShop QA Sandbox Regression Suite (POM + TypeScript)","pom_test_functional.spec.ts","",""
"","841","Should strictly display login view on initial app boot","webkit","2026-08-31","passed","2026-08-31","SwiftShop QA Sandbox Regression Suite (POM + TypeScript)","pom_test_functional.spec.ts","",""
"","408","Should increment cart counter badge when product items are added","chromium","2026-08-31","passed","2026-08-31","SwiftShop Enterprise Remote Functional Suite (TypeScript)","all_in_one_functional.spec.ts","",""
"","2483","Should navigate to the shop dashboard upon successful login","webkit","2026-08-31","passed","2026-08-31","SwiftShop Enterprise Remote Functional Suite (TypeScript)","all_in_one_functional.spec.ts","",""
"","399","Should strictly display login view on initial load","chromium","2026-08-31","passed","2026-08-31","SwiftShop Enterprise Remote Functional Suite (TypeScript)","all_in_one_functional.spec.ts","",""
"","1343","Should strictly display login view on initial load","webkit","2026-08-31","passed","2026-08-31","SwiftShop Enterprise Remote Functional Suite (TypeScript)","all_in_one_functional.spec.ts","",""
"","1097","Should increment cart counter badge when product items are added","webkit","2026-08-31","passed","2026-08-31","SwiftShop QA Sandbox Regression Suite (POM + TypeScript)","pom_test_functional.spec.ts","",""
